DateOfGame,Team,Opponent,PointsScored,FieldGoalAttempts,FieldGoalsMade,OffensiveRebounds,Assists,Turnovers,WinOrLoss,OffensiveEfficiency,EfficientPointsScored,RawEOP
12/3/2020,Kaukauna,Appleton North,73,51,20,10,7,11,Win,0.457627119,33.40677966,35.84135593
12/4/2020,Kaukauna,Oshkosh West,72,48,25,3,14,10,Win,0.565217391,40.69565217,46.70956522
12/8/2020,Kaukauna,Appleton East,86,56,27,6,14,15,Win,0.518987342,44.63291139,50.15493671
12/11/2020,Kaukauna,Hortonville,72,55,25,12,14,21,Win,0.5,36,41.32
12/12/2020,Kaukauna,De Pere,61,54,21,6,13,7,Loss,0.5,30.5,35.44
12/15/2020,Kaukauna,Kimberly,64,72,20,5,12,6,Loss,0.376470588,24.09411765,27.52752941
12/18/2020,Kaukauna,Oshkosh North,73,62,29,12,14,16,Loss,0.5375,39.2375,44.9565
12/21/2020,Kaukauna,Fond du Lac,73,57,29,10,12,13,Loss,0.569444444,41.56944444,46.76277778
12/23/2020,Kaukauna,Neenah,43,44,13,6,8,12,Loss,0.362068966,15.56896552,17.77034483
12/29/2020,Kaukauna,Pius XI Catholic,96,62,39,12,26,13,Win,0.730337079,70.11235955,84.54382022
12/30/2020,Kaukauna,Greendale,71,46,25,10,17,12,Win,0.646153846,45.87692308,54.22523077
1/5/2021,Kaukauna,Appleton West,105,67,39,15,26,8,Win,0.755813953,79.36046512,94.29534884
1/7/2021,Kaukauna,Appleton North,66,57,25,5,17,8,Win,0.545454545,36,43.04727273
1/11/2021,Kaukauna,Seymour,92,57,34,9,16,13,Win,0.649350649,59.74025974,67.63636364
1/12/2021,Kaukauna,Neenah,78,52,29,8,15,8,Loss,0.656716418,51.2238806,58.71044776
1/15/2021,Kaukauna,Oshkosh West,57,46,19,10,11,12,Win,0.508474576,28.98305085,33.23389831
1/16/2021,Kaukauna,Tomah,55,52,17,7,13,14,Loss,0.416666667,22.91666667,27.03333333
1/19/2021,Kaukauna,Green Bay Southwest,93,60,36,9,18,10,Win,0.683544304,63.56962025,72.92050633
1/22/2021,Kaukauna,Hortonville,96,72,37,19,28,7,Win,0.738636364,70.90909091,86.62727273
1/23/2021,Kaukauna,Appleton West,99,63,34,10,29,11,Win,0.677419355,67.06451613,81.99483871
1/29/2021,Kaukauna,Kimberly,65,58,23,6,12,13,Loss,0.454545455,29.54545455,33.69090909
12/1/2020,Appleton East,Neenah,72,38,23,3,14,13,Loss,0.596774194,42.96774194,49.31741935
12/4/2020,Appleton East,Appleton West,67,53,25,15,20,11,Win,0.652173913,43.69565217,53.60869565
12/8/2020,Appleton East,Kaukauna,70,51,23,7,18,26,Loss,0.465909091,32.61363636,38.98727273
12/11/2020,Appleton East,Fond du Lac,65,57,27,6,17,7,Loss,0.586666667,38.13333333,45.71306667
12/12/2020,Appleton East,Bay Port,48,49,16,10,9,20,Loss,0.367647059,17.64705882,20.16176471
12/15/2020,Appleton East,Appleton North ,62,52,25,4,14,13,Loss,0.52,32.24,37.7728
12/18/2020,Appleton East,Oshkosh West,58,40,22,4,14,15,Win,0.553846154,32.12307692,38.016
12/22/2020,Appleton East,Hortonville,64,47,18,6,15,7,Win,0.523809524,33.52380952,39.4952381
1/9/2021,Appleton East,Neenah,34,40,14,5,12,12,Loss,0.440677966,14.98305085,19.0020339
1/15/2021,Appleton East,Appleton West,77,51,27,7,23,7,Win,0.675675676,52.02702703,63.83783784
1/18/2021,Appleton East,Xavier,72,57,26,4,21,13,Loss,0.540229885,38.89655172,47.51862069
1/19/2021,Appleton East,Kimberly,50,44,15,4,10,12,Loss,0.403225806,20.16129032,23.22580645
1/22/2021,Appleton East,Fond du Lac,66,50,23,10,16,7,Loss,0.619047619,40.85714286,48.3847619
1/23/2021,Appleton East,Oshkosh North ,74,51,26,5,19,11,Win,0.592105263,43.81578947,52.36578947
1/26/2021,Appleton East,Oshkosh North ,81,57,33,2,28,8,Loss,0.67032967,54.2967033,68.56131868
1/29/2021,Appleton East,Appleton North ,41,42,18,2,13,11,Loss,0.484375,19.859375,24.645
12/3/2020,Appleton North,Kaukauna,55,49,21,7,18,17,Loss,0.506493506,27.85714286,34.78597403
12/5/2020,Appleton North,Neenah,54,42,17,5,9,21,Loss,0.388059701,20.95522388,23.60955224
12/8/2020,Appleton North,Oshkosh North,66,52,24,8,12,13,Win,0.52173913,34.43478261,39.19304348
12/11/2020,Appleton North,Appleton West,73,57,25,14,18,17,Win,0.551282051,40.24358974,47.78512821
12/15/2020,Appleton North,Appleton East,67,50,23,6,11,14,Win,0.492753623,33.01449275,37.13391304
12/18/2020,Appleton North,Fond du Lac,74,57,30,8,12,12,Win,0.575342466,42.57534247,47.82246575
12/21/2020,Appleton North,Oshkosh West,63,48,18,12,15,13,Loss,0.515625,32.484375,38.3625
12/22/2020,Appleton North,Menasha,82,65,33,9,13,12,Win,0.567901235,46.56790123,52.17876543
12/29/2020,Appleton North,Ashwaubenon,59,42,22,4,13,13,Win,0.546875,32.265625,37.66875
1/2/2021,Appleton North,Shawano,43,39,16,5,13,15,Loss,0.467741935,20.11290323,24.73419355
1/7/2021,Appleton North,Kaukauna,62,54,23,6,14,10,Loss,0.513888889,31.86111111,37.32888889
1/12/2021,Appleton North,Hortonville,62,51,23,7,18,16,Loss,0.525641026,32.58974359,39.78051282
1/15/2021,Appleton North,Neenah,37,38,14,6,8,0,Loss,0.55,20.35,23.694
1/18/2021,Appleton North,Hortonville,60,39,19,5,10,21,Win,0.446153846,26.76923077,30.16
1/21/2021,Appleton North,Kimberly,58,48,18,5,14,8,Loss,0.492307692,28.55384615,33.792
1/22/2021,Appleton North,Appleton West,48,42,15,7,9,13,Win,0.421052632,20.21052632,23.09052632
1/23/2021,Appleton North,Mantiowoc Lincoln,62,40,20,5,10,7,Win,0.576923077,35.76923077,40.15384615
1/26/2021,Appleton North,Kimberly,42,39,14,7,6,13,Loss,0.392156863,16.47058824,18.25882353
1/29/2021,Appleton North,Appleton East,51,54,19,12,12,13,Win,0.462686567,23.59701493,27.81671642
12/1/2020,Appleton West,Fond du Lac,53,42,18,5,5,17,Loss,0.389830508,20.66101695,22.14237288
12/4/2020,Appleton West,Appleton East,58,52,25,11,8,16,Loss,0.507692308,29.44615385,32.53292308
12/8/2020,Appleton West,Neenah,41,41,13,9,7,21,Loss,0.333333333,13.66666667,15.44
12/11/2020,Appleton West,Appleton North,45,58,18,8,15,14,Loss,0.417721519,18.79746835,23.55949367
12/12/2020,Appleton West,Notre Dame,55,53,21,9,6,23,Loss,0.369863014,20.34246575,22.0290411
12/18/2020,Appleton West,Hortonville,51,60,19,15,13,23,Loss,0.395061728,20.14814815,24.05135802
12/21/2020,Appleton West,Kimberly,56,52,19,6,11,21,Loss,0.384615385,21.53846154,24.75384615
12/23/2020,Appleton West,Saint Mary's Springs,60,49,22,13,7,15,Win,0.5,30,32.66
12/30/2020,Appleton West,Oshkosh North,60,58,26,13,18,15,Loss,0.564102564,33.84615385,41.56307692
1/8/2021,Appleton West,Fond du Lac,42,55,16,12,10,7,Loss,0.433333333,18.2,21.49333333
1/12/2021,Appleton West,Oshkosh North,60,52,21,5,5,10,Loss,0.419354839,25.16129032,26.75483871
1/15/2021,Appleton West,Appleton East,51,61,20,15,5,10,Loss,0.409836066,20.90163934,22.45901639
1/18/2021,Appleton West,Wisconsin Rapids,57,51,22,5,8,13,Loss,0.447761194,25.52238806,28.24477612
1/22/2021,Appleton West,Appleton North,36,52,12,11,7,13,Loss,0.31147541,11.21311475,12.87016393
1/23/2021,Appleton West,Kaukauna,62,59,22,5,14,14,Loss,0.43902439,27.2195122,31.89073171
1/29/2021,Appleton West,Oshkosh West,57,45,22,10,7,16,Loss,0.5,28.5,31.16
1/30/2021,Appleton West,Roncalli ,65,53,22,11,17,12,Win,0.549295775,35.70422535,42.80112676
12/1/2020,Fond du Lac,Appleton West,81,50,27,5,12,8,Win,0.6,48.6,54.072
12/4/2020,Fond du Lac,Kimberly,65,52,22,4,8,9,Loss,0.461538462,30,32.80615385
12/8/2020,Fond du Lac,Hortonville,60,59,20,10,13,13,Loss,0.44,26.4,30.7472
12/11/2020,Fond du Lac,Appleton East,67,68,30,8,16,12,Win,0.522727273,35.02272727,41.37909091
12/12/2020,Fond du Lac,Brookfield East,57,44,20,6,4,16,Loss,0.413793103,23.5862069,24.84413793
12/15/2020,Fond du Lac,Oshkosh North,74,52,21,6,13,14,Win,0.465753425,34.46575342,39.06739726
12/18/2020,Fond du Lac,Appleton North,71,58,24,11,13,15,Loss,0.493333333,35.02666667,39.9008
12/21/2020,Fond du Lac,Kaukauna,77,49,25,4,13,10,Win,0.558823529,43.02941176,48.55058824
12/30/2020,Fond du Lac,West Bend East,61,40,18,10,11,17,Win,0.5,30.5,34.68
1/2/2021,Fond du Lac,Ashwaubenon,65,47,23,7,13,4,Loss,0.631578947,41.05263158,47.29263158
1/5/2021,Fond du Lac,Neenah,50,35,18,2,13,16,Win,0.5,25,29.94
1/8/2021,Fond du Lac,Appleton West,58,49,19,10,8,13,Win,0.45,26.1,28.836
1/12/2021,Fond du Lac,Oshkosh West,69,41,19,4,12,12,Win,0.508196721,35.06557377,39.70032787
1/18/2021,Fond du Lac,Oak Creek,82,45,22,10,14,6,Win,0.654545455,53.67272727,60.63709091
1/22/2021,Fond du Lac,Appleton East,76,46,28,1,17,5,Win,0.671641791,51.04477612,59.72238806
1/23/2021,Fond du Lac,Neenah,53,42,18,2,12,9,Loss,0.491803279,26.06557377,30.55081967
1/25/2021,Fond du Lac,Oshkosh West,66,52,22,9,13,14,Win,0.5,33,37.94
1/29/2021,Fond du Lac,Oshkosh North ,81,46,29,3,20,12,Win,0.653333333,52.92,62.85066667
12/4/2020,Hortonville,Oshkosh North,87,63,32,14,9,11,Win,0.594202899,51.69565217,55.76
12/8/2020,Hortonville,Fond du Lac,70,61,24,12,12,15,Win,0.473684211,33.15789474,37.47789474
12/11/2020,Hortonville,Kaukauna,66,62,28,15,16,21,Loss,0.523809524,34.57142857,40.94095238
12/15/2020,Hortonville,Neenah,67,50,25,8,13,14,Loss,0.550724638,36.89855072,42.33971014
12/18/2020,Hortonville,Appleton West,74,73,26,17,17,12,Win,0.505882353,37.43529412,43.97129412
12/22/2020,Hortonville,Appleton East,55,50,23,6,17,15,Loss,0.526315789,28.94736842,35.74736842
12/29/2020,Hortonville,New London,59,57,25,12,10,18,Loss,0.479452055,28.28767123,31.93150685
1/5/2021,Hortonville,Oshkosh West,71,59,28,12,16,9,Win,0.611111111,43.38888889,50.82
1/12/2021,Hortonville,Appleton North,66,65,25,15,17,11,Win,0.538461538,35.53846154,42.49538462
1/15/2021,Hortonville,Oshkosh North,69,65,28,12,19,16,Win,0.534090909,36.85227273,44.56454545
1/18/2021,Hortonville,Appleton North,48,53,13,11,9,15,Loss,0.333333333,16,18.28
1/19/2021,Hortonville,West De Pere,75,50,25,13,12,19,Win,0.544117647,40.80882353,45.77117647
1/21/2021,Hortonville,Oshkosh West,62,53,22,10,12,15,Loss,0.485714286,30.11428571,34.544
1/22/2021,Hortonville,Kaukauna,57,58,23,7,6,13,Loss,0.414285714,23.61428571,25.50342857
1/25/2021,Hortonville,Seymour,53,46,21,7,11,11,Loss,0.524590164,27.80327869,32.18885246
1/29/2021,Hortonville,Neenah,59,45,19,8,15,20,Loss,0.472222222,27.86111111,33.24444444
12/4/2020,Kimberly,Fond du Lac,105,64,43,6,26,4,Win,0.784090909,82.32954545,97.82318182
12/8/2020,Kimberly,Oshkosh West,70,59,27,10,14,7,Win,0.585714286,41,47.232
12/11/2020,Kimberly,Oshkosh North,108,75,40,14,17,8,Win,0.662790698,71.58139535,80.14465116
12/15/2020,Kimberly,Kaukauna,103,70,43,13,21,12,Win,0.711111111,73.24444444,84.59377778
12/18/2020,Kimberly,Neenah,56,52,23,21,11,7,Loss,0.693877551,38.85714286,44.65795918
12/21/2020,Kimberly,Appleton West,90,54,32,9,16,12,Win,0.657534247,59.17808219,67.17369863
12/23/2020,Kimberly,Pewaukee,83,66,32,8,17,5,Win,0.6125,50.8375,58.751
12/29/2020,Kimberly,Menomonee Falls,63,65,24,5,9,9,Loss,0.423076923,26.65384615,29.54769231
12/30/2020,Kimberly,Seymour,77,56,35,9,20,10,Win,0.714285714,55,65.85714286
1/19/2021,Kimberly,Appleton East,84,65,35,10,17,7,Win,0.658227848,55.29113924,63.79544304
1/21/2021,Kimberly,Appleton North,78,55,32,8,19,6,Win,0.708333333,55.25,65.47833333
1/22/2021,Kimberly,Oshkosh North,83,59,35,11,23,9,Win,0.725,60.175,72.848
1/23/2021,Kimberly,Sussex Hamilton,84,61,34,10,18,13,Win,0.634146341,53.26829268,61.94341463
12/1/2020,Neenah,Appleton East,73,58,29,12,14,9,Win,0.623188406,45.49275362,52.12347826
12/5/2020,Neenah,Appleton North,87,64,33,13,19,7,Win,0.675324675,58.75324675,68.50493506
12/8/2020,Neenah,Appleton West,85,60,32,17,18,8,Win,0.724637681,61.5942029,71.50724638
12/11/2020,Neenah,Oshkosh West,80,49,31,8,22,19,Win,0.646341463,51.70731707,62.51414634
12/15/2020,Neenah,Hortonville,77,56,28,14,21,15,Win,0.628205128,48.37179487,58.39794872
12/18/2020,Neenah,Kimberly,62,52,22,7,11,7,Win,0.523809524,32.47619048,36.8552381
12/21/2020,Neenah,Oshkosh North,83,53,28,11,21,11,Win,0.662162162,54.95945946,65.52756757
12/23/2020,Neenah,Kaukauna,78,53,31,6,21,7,Win,0.693333333,54.08,65.1456
12/30/2020,Neenah,Bay Port,85,53,30,11,17,16,Win,0.626666667,53.26666667,61.3632
1/2/2021,Neenah,Pewaukee,77,55,30,5,18,7,Loss,0.64,49.28,58.0352
1/5/2021,Neenah,Fond du Lac,67,53,28,9,20,9,Win,0.657534247,44.05479452,54.04931507
1/9/2021,Neenah,Appleton East,59,44,23,5,12,11,Win,0.564516129,33.30645161,38.45483871
1/12/2021,Neenah,Kaukauna,87,51,30,6,16,6,Win,0.686567164,59.73134328,68.08
1/15/2021,Neenah,Appleton North,49,42,18,5,12,7,Win,0.535714286,26.25,31.13571429
1/16/2021,Neenah,Nicolet,70,61,31,11,21,14,Win,0.611764706,42.82352941,52.58729412
1/22/2021,Neenah,Oshkosh West,64,51,26,11,19,13,Win,0.625,40,49.025
1/23/2021,Neenah,Fond du Lac,62,41,22,8,13,7,Win,0.660377358,40.94339623,47.46792453
1/29/2021,Neenah,Hortonville,72,50,26,12,20,15,Win,0.630136986,45.36986301,54.94794521
1/30/2021,Neenah,Marshfield,64,51,27,9,20,10,Win,0.652777778,41.77777778,51.7
12/4/2020,Oshkosh North,Hortonville,74,52,28,4,15,19,Loss,0.524390244,38.80487805,44.78292683
12/5/2020,Oshkosh North,Oshkosh West,66,44,21,9,9,12,Win,0.535714286,35.35714286,39.02142857
12/8/2020,Oshkosh North,Appleton North,65,46,23,8,13,19,Loss,0.514285714,33.42857143,38.50971429
12/11/2020,Oshkosh North,Kimberly,76,53,27,8,12,22,Loss,0.493670886,37.51898734,42.02126582
12/12/2020,Oshkosh North,Ashwaubenon,76,45,29,3,16,18,Win,0.592105263,45,52.2
12/15/2020,Oshkosh North,Fond du Lac,69,47,24,2,9,15,Loss,0.47826087,33,36.27130435
12/18/2020,Oshkosh North,Kaukauna,74,62,28,13,12,18,Win,0.506329114,37.46835443,42.08607595
12/21/2020,Oshkosh North,Neenah,56,25,13,3,12,13,Loss,0.531914894,29.78723404,34.63829787
12/29/2020,Oshkosh North,Beaver Dam,75,50,24,4,12,16,Loss,0.486486486,36.48648649,40.92324324
12/30/2020,Oshkosh North,Appleton West,76,54,27,12,24,13,Win,0.64556962,49.06329114,60.83848101
1/8/2021,Oshkosh North,Oshkosh West,50,40,14,4,9,11,Loss,0.410714286,20.53571429,23.345
1/9/2021,Oshkosh North,Milton,72,50,26,6,12,11,Loss,0.567164179,40.8358209,46.00835821
1/12/2021,Oshkosh North,Appleton West,83,61,29,17,15,13,Win,0.611111111,50.72222222,57.68888889
1/15/2021,Oshkosh North,Hortonville,55,54,19,10,13,23,Loss,0.4,22,25.952
1/22/2021,Oshkosh North,Kimberly,66,51,21,8,11,16,Loss,0.457142857,30.17142857,33.99314286
1/23/2021,Oshkosh North,Appleton East,72,50,23,6,13,7,Loss,0.5625,40.5,46.0575
1/26/2021,Oshkosh North,Appleton East,89,51,32,5,15,11,Win,0.652777778,58.09722222,65.53888889
1/29/2021,Oshkosh North,Fond du Lac,74,54,29,10,13,11,Loss,0.617647059,45.70588235,51.80823529
1/30/2021,Oshkosh North,West Bend East,64,47,22,11,8,14,Loss,0.517241379,33.10344828,36.24827586
12/4/2020,Oshkosh West,Kaukauna,63,58,25,8,15,14,Loss,0.506329114,31.89873418,37.67088608
12/5/2020,Oshkosh West,Oshkosh North,62,48,23,12,22,17,Loss,0.6,37.2,47.232
12/8/2020,Oshkosh West,Kimberly,54,49,21,8,9,22,Loss,0.416666667,22.5,25.35
12/11/2020,Oshkosh West,Neenah,51,38,16,6,10,21,Loss,0.412698413,21.04761905,24.18412698
12/15/2020,Oshkosh West,Appleton West,71,54,29,8,15,14,Win,0.586666667,41.65333333,48.34133333
12/18/2020,Oshkosh West,Appleton East,53,43,19,4,12,16,Loss,0.462686567,24.52238806,28.74208955
12/19/2020,Oshkosh West,Wisconsin Rapids,77,65,30,14,14,7,Win,0.611111111,47.05555556,53.55777778
12/21/2020,Oshkosh West,Appleton North,69,38,23,2,18,19,Win,0.561643836,38.75342466,46.43671233
12/22/2020,Oshkosh West,De Pere,50,39,19,3,10,9,Win,0.527272727,26.36363636,30.37090909
1/5/2021,Oshkosh West,Hortonville,64,52,24,12,16,16,Loss,0.555555556,35.55555556,42.31111111
1/8/2021,Oshkosh West,Oshkosh North,65,46,21,6,14,8,Win,0.564516129,36.69354839,42.7
1/12/2021,Oshkosh West,Fond du Lac,57,54,23,9,12,7,Loss,0.546875,31.171875,36.159375
1/15/2021,Oshkosh West,Kaukauna,52,57,19,11,12,10,Loss,0.455882353,23.70588235,27.86352941
1/16/2021,Oshkosh West,Germantown,68,39,26,4,9,11,Win,0.636363636,43.27272727,47.62545455
1/19/2021,Oshkosh West,Green Bay West,63,60,19,18,10,6,Win,0.5,31.5,35.3
1/21/2021,Oshkosh West,Hortonville,68,48,23,10,14,15,Win,0.552238806,37.55223881,43.4280597
1/22/2021,Oshkosh West,Neenah,47,42,16,5,6,16,Loss,0.372881356,17.52542373,19.22576271
1/25/2021,Oshkosh West,Fond du Lac,63,60,22,8,9,8,Loss,0.449275362,28.30434783,31.3773913
1/28/2021,Oshkosh West,Waunakee,63,51,19,4,10,14,Loss,0.408450704,25.73239437,28.83661972
2/2/2021,Kaukauna,Appleton East,77,57,29,10,16,3,Loss,0.681818182,52.5,60.79090909
2/2/2021,Appleton East,Kaukauna,82,45,32,2,27,10,Win,0.7375,60.475,75.6085
2/2/2021,Appleton North,Oshkosh North,64,51,20,8,18,6,Win,0.567164179,36.29850746,44.05731343
2/2/2021,Neenah,Appleton West,82,61,34,8,30,10,Win,0.688172043,56.43010753,72.12043011
2/2/2021,Hortonville,Fond du Lac,59,55,22,12,15,11,Loss,0.536231884,31.63768116,37.75072464
2/2/2021,Fond du Lac,Hortonville,67,45,24,3,14,11,Win,0.567164179,38,44.03462687
2/5/2021,Kaukauna,Oshkosh North,86,60,29,10,14,8,Win,0.597222222,51.36111111,54.99222222
2/5/2021,Oshkosh North,Kaukauna,81,52,26,4,18,12,Loss,0.564102564,45.69230769,50.83692308
2/5/2021,Appleton East,Oshkosh West,61,40,24,3,19,10,Win,0.651515152,39.74242424,44.69393939
2/5/2021,Appleton North,Fond du Lac,44,42,16,3,12,8,Loss,0.474576271,20.88135593,23.76677966
2/5/2021,Fond du Lac,Appleton North,52,42,19,5,13,9,Win,0.542372881,28.20338983,31.91322034
2/5/2021,Kimberly,Neenah,87,60,32,11,17,7,Win,0.671232877,58.39726027,61.96821918
2/5/2021,Appleton West,Green Bay West,64,62,25,13,15,11,Win,0.533333333,34.13333333,38.592
2/6/2021,Appleton West,Wausau West,37,42,11,9,5,14,Loss,0.307692308,11.38461538,14.65846154
2/6/2021,Appleton North,Green Bay Preble,60,42,16,4,9,15,Win,0.403225806,24.19354839,28.79032258
2/6/2021,Fond du Lac,Kimberly,58,46,18,1,7,6,Loss,0.431034483,25,26.96551724
2/6/2021,Kimberly,Fond du Lac,75,47,31,3,16,8,Win,0.691176471,51.83823529,56.04058824
2/6/2021,Appleton East,Homestead,53,38,20,1,14,8,Loss,0.576271186,30.54237288,34.04610169
2/8/2021,Fond du Lac,Waunakee,79,48,27,3,23,8,Win,0.657894737,51.97368421,55.97368421
2/8/2021,Kimberly,Hortonville,81,67,31,15,22,10,Win,0.630952381,51.10714286,55.90238095
2/8/2021,Appleton East,Marshfield,50,35,14,6,10,7,Win,0.52173913,26.08695652,28.8626087
2/8/2021,Neenah,Notre Dame,75,51,27,6,12,11,Win,0.573529412,43.01470588,47.80941176
2/9/2021,Hortonville,Kimberly,73,53,29,6,21,17,Loss,0.588235294,42.94117647,52.32941176
2/11/2021,Fond du Lac,Kaukauna,87,52,30,4,15,15,Win,0.576923077,50.19230769,56.76923077
2/11/2021,Kaukauna,Fond du Lac,83,52,31,4,20,17,Loss,0.6,49.8,58.92
2/11/2021,Appleton East,Hortonville,54,45,20,10,13,14,Loss,0.532258065,28.74193548,34.00064516
2/11/2021,Appleton North,Oshkosh West,55,40,20,6,16,15,Win,0.553846154,30.46153846,37.19630769
2/11/2021,Kimberly,Appleton West,84,66,33,16,18,11,Win,0.64556962,54.2278481,63.05924051
2/11/2021,Neenah,Oshkosh North,75,44,24,4,19,8,Win,0.641791045,48.13432836,57.40179104
2/13/2021,Kimberly,Appleton East,77,50,33,7,15,2,Win,0.8,61.6,70.72
2/13/2021,Neenah,Whitefish Bay,47,39,19,4,11,14,Win,0.5,23.5,27.68
2/11/2021,Hortonville,Appleton East,61,49,21,8,15,7,Win,0.571428571,34.85714286,41.37142857
2/13/2021,Kaukauna,Appleton West,102,52,37,8,23,9,Win,0.789473684,80.52631579,94.32631579
11/26/2019,Neenah,Marshfield,79,48,31,6,9,14,Win,0.615384615,48.61538462,52.82461538
11/27/2019,Appleton East,Xavier,60,63,22,9,13,22,Loss,0.393258427,23.59550562,27.48089888
11/29/2019,Hortonville,Wisconsin Rapids,69,50,30,6,15,10,Win,0.652173913,45,52.43478261
11/29/2019,Oshkosh North,Superior,89,61,30,22,14,14,Win,0.656716418,58.44776119,65.43522388
11/30/2019,Hortonville,Wisconsin Dells,70,57,29,12,17,16,Win,0.58974359,41.28205128,48.90153846
11/30/2019,Neenah,Green Bay Preble,80,61,30,15,10,8,Win,0.625,50,54.75
12/3/2019,Appleton West,Fond du Lac,41,44,14,8,9,6,Loss,0.450980392,18.49019608,21.57490196
12/3/2019,Hortonville,Appleton East,72,62,27,9,15,4,Win,0.583333333,42,48.65
12/3/2019,Appleton East,Hortonville,63,47,25,6,16,24,Loss,0.50617284,31.88888889,38.04395062
12/6/2019,Kaukauna,Appleton East,90,77,38,10,12,8,Win,0.574712644,51.72413793,56.96551724
12/6/2019,Appleton East,Kaukauna,54,61,20,19,16,35,Loss,0.387096774,20.90322581,25.61032258
12/6/2019,Kimberly,Appleton West,58,45,23,14,15,16,Win,0.612903226,35.5483871,42.53548387
12/6/2019,Appleton West,Kimberly,46,43,15,1,11,12,Loss,0.4,18.4,21.744
12/6/2019,Neenah,Oshkosh North,79,62,24,14,14,11,Win,0.520547945,41.12328767,46.66191781
12/6/2019,Oshkosh North,Neenah,68,43,21,8,10,16,Loss,0.508196721,34.55737705,38.41967213
12/6/2019,Hortonville,Oshkosh West,80,54,28,4,21,18,Win,0.550561798,44.04494382,52.83191011
12/10/2019,Kimberly,Appleton North,72,56,29,6,13,7,Win,0.6,43.2,49.128
12/10/2019,Neenah,Fond du Lac,88,50,35,3,18,8,Win,0.726027397,63.89041096,73.82246575
12/10/2019,Kaukauna,Hortonville,61,39,16,1,4,9,Loss,0.392156863,23.92156863,25.11372549
12/10/2019,Hortonville,Kaukauna,92,57,33,4,26,19,Win,0.602040816,55.3877551,67.28408163
12/10/2019,Oshkosh North,Appleton West,72,63,26,14,5,2,Win,0.553571429,39.85714286,41.96071429
12/10/2019,Appleton West,Oshkosh North,43,50,16,10,13,31,Loss,0.345238095,14.8452381,18.25619048
12/10/2019,Oshkosh West,Appleton East,72,46,22,5,12,10,Win,0.53968254,38.85714286,43.77904762
12/10/2019,Appleton East,Oshkosh West,64,54,24,10,17,14,Loss,0.546666667,34.98666667,42.0496
12/13/2019,Appleton East,Oshkosh North,51,45,20,7,18,25,Loss,0.469135802,23.92592593,30.3437037
12/13/2019,Oshkosh North,Appleton East,67,55,31,8,13,11,Win,0.61971831,41.52112676,47.64394366
12/13/2019,Hortonville,Fond du Lac,73,49,27,7,15,11,Win,0.617647059,45.08823529,52.12941176
12/13/2019,Kaukauna,Appleton North,79,36,19,0,8,2,Win,0.586956522,46.36956522,49.93826087
12/13/2019,Kimberly,Oshkosh West,83,68,35,14,15,8,Win,0.649350649,53.8961039,61.2987013
12/13/2019,Neenah,Appleton West,70,58,27,12,12,5,Win,0.619047619,43.33333333,48.97904762
12/13/2019,Appleton West,Neenah,20,40,9,0,0,1,Loss,0.219512195,4.390243902,4.390243902
12/14/2019,Kaukauna,Green Bay Southwest,88,42,20,5,10,6,Win,0.566037736,49.81132075,54.11320755
12/17/2019,Hortonville,Appleton West,78,59,31,9,20,10,Win,0.6375,49.725,59.415
12/17/2019,Kaukauna,Fond du Lac,73,37,17,3,4,5,Win,0.488372093,35.65116279,37.13581395
12/17/2019,Kimberly,Oshkosh North,76,57,30,10,20,19,Win,0.581395349,44.18604651,53.02325581
12/17/2019,Oshkosh North,Kimberly,61,41,20,5,10,12,Loss,0.517241379,31.55172414,35.48275862
12/17/2019,Neenah,Appleton East,79,57,32,8,11,10,Win,0.614285714,48.52857143,53.664
12/17/2019,Appleton East,Neenah,44,41,19,5,13,27,Loss,0.421052632,18.52631579,22.68631579
12/20/2019,Appleton East,Appleton West,49,37,14,6,13,12,Win,0.482142857,23.625,28.38857143
12/20/2019,Appleton West,Appleton East,43,30,12,2,5,6,Loss,0.435897436,18.74358974,20.4
12/20/2019,Kimberly,Fond du Lac,64,52,26,0,16,10,Win,0.538461538,34.46153846,41.00923077
12/20/2019,Hortonville,Appleton North,71,50,25,8,18,13,Win,0.589041096,41.82191781,49.88
12/20/2019,Oshkosh North,Kaukauna,96,67,38,12,25,12,Win,0.684782609,65.73913043,78.75
12/20/2019,Kaukauna,Oshkosh North,67,43,17,0,13,7,Loss,0.476190476,31.9047619,36.60952381
12/21/2019,Kimberly,Sussex Hamilton,65,56,27,4,12,8,Loss,0.541666667,35.20833333,40.14833333
12/26/2019,Kaukauna,Grafton,69,47,32,3,11,7,Loss,0.693548387,47.85483871,53.65290323
12/26/2019,Appleton East,Seymour,49,44,16,8,11,18,Loss,0.415384615,20.35384615,23.82646154
12/26/2019,Kimberly,Arrowhead,76,66,28,7,17,10,Loss,0.523255814,39.76744186,46.52790698
12/27/2019,Kaukauna,Onalaska,67,50,21,3,8,1,Loss,0.517857143,34.69642857,37.845
12/27/2019,Oshkosh North,Plymouth,83,50,28,14,7,16,Win,0.593220339,49.23728814,52.39322034
12/27/2019,Kimberly,Waukesha West,79,69,30,16,18,2,Win,0.657534247,51.94520548,60.94027397
1/3/2020,Appleton East,Fond du Lac,60,45,20,8,16,10,Win,0.571428571,34.28571429,41.23428571
1/3/2020,Fond du Lac,Appleton East,59,38,21,3,16,10,Loss,0.606557377,35.78688525,43.16262295
1/3/2020,Hortonville,Kimberly,64,55,21,10,18,13,Loss,0.513157895,32.84210526,39.86210526
1/3/2020,Kimberly,Hortonville,79,57,28,5,18,8,Win,0.58974359,46.58974359,54.6574359
1/3/2020,Kaukauna,Appleton West,73,40,18,5,9,6,Win,0.54,39.42,43.1136
1/3/2020,Neenah,Appleton North,58,51,16,7,8,10,Loss,0.387096774,22.4516129,24.80516129
1/3/2020,Oshkosh North,Oshkosh West,77,54,29,5,11,17,Loss,0.519480519,40,44.34285714
1/7/2020,Hortonville,Oshkosh North,84,59,27,4,18,15,Win,0.511363636,42.95454545,49.95
1/7/2020,Oshkosh North,Hortonville,76,56,29,7,16,21,Loss,0.523255814,39.76744186,46.13023256
1/7/2020,Kaukauna,Neenah,63,59,20,0,3,3,Loss,0.353846154,22.29230769,23.09907692
1/7/2020,Neenah,Kaukauna,92,58,34,11,18,12,Win,0.675324675,62.12987013,71.36831169
1/7/2020,Kimberly,Appleton East,65,55,27,7,14,3,Win,0.630769231,41,47.71138462
1/7/2020,Appleton East,Kimberly,46,43,19,1,14,10,Loss,0.5,23,28.32
1/10/2020,Oshkosh North,Fond du Lac,59,48,22,8,9,3,Win,0.596153846,35.17307692,39.25076923
1/10/2020,Kimberly,Kaukauna,88,62,37,7,22,10,Win,0.67816092,59.67816092,71.01701149
1/10/2020,Neenah,Hortonville,78,53,28,9,17,19,Win,0.5625,43.875,51.1425
1/10/2020,Hortonville,Neenah,74,53,27,12,12,17,Loss,0.557142857,41.22857143,46.30971429
1/11/2020,Appleton North,Appleton East,57,43,22,2,7,9,Win,0.50877193,29,31.70666667
1/11/2020,Appleton East,Appleton North,50,41,16,4,9,15,Loss,0.409836066,20.49180328,23.29508197
1/14/2020,Hortonville,Fond du Lac,75,53,25,9,18,11,Win,0.589041096,44.17808219,52.23616438
1/14/2020,Oshkosh North,Appleton East,88,35,19,3,13,12,Win,0.561403509,49.40350877,54.95017544
1/14/2020,Appleton East,Oshkosh North,66,57,26,10,22,18,Loss,0.551724138,36.4137931,45.63862069
1/14/2020,Kimberly,Oshkosh West,85,54,31,8,15,8,Win,0.666666667,56.66666667,64.26666667
1/14/2020,Neenah,Appleton West,79,50,25,8,14,11,Win,0.582089552,45.98507463,52.17850746
1/17/2020,Appleton East,Hortonville,54,53,22,12,16,20,Loss,0.493506494,26.64935065,32.65038961
1/17/2020,Hortonville,Appleton East,75,56,25,11,17,8,Win,0.6,45,52.752
1/17/2020,Oshkosh North,Appleton North,79,50,25,11,15,1,Win,0.727272727,57.45454545,65.74545455
1/17/2020,Kaukauna,Oshkosh West,66,40,15,7,12,8,Win,0.509433962,33.62264151,38.26867925
1/17/2020,Kimberly,Neenah,68,54,25,7,11,4,Win,0.580645161,39.48387097,44.33806452
1/17/2020,Neenah,Kimberly,66,49,24,7,11,8,Loss,0.573770492,37.86885246,42.66557377
1/18/2020,Hortonville,New London,69,48,26,3,18,11,Win,0.594594595,41.02702703,49.16108108
1/21/2020,Appleton East,Stevens Point,58,45,25,3,23,15,Loss,0.6,34.8,45.288
1/21/2020,Oshkosh North,Young Coggs Prep,99,66,37,10,14,6,Win,0.671052632,66.43421053,73.57421053
1/24/2020,Appleton East,Oshkosh West,57,41,20,4,15,16,Loss,0.514705882,29.33823529,35.20588235
1/24/2020,Oshkosh West,Appleton East,69,45,23,8,17,11,Win,0.615384615,42.46153846,50.41230769
1/24/2020,Oshkosh North,Appleton West,86,68,33,14,18,5,Win,0.662337662,56.96103896,66.02181818
1/24/2020,Hortonville,Kaukauna,74,47,24,8,16,14,Win,0.579710145,42.89855072,49.94782609
1/24/2020,Kaukauna,Hortonville,68,44,20,2,11,10,Loss,0.492063492,33.46031746,37.57396825
1/24/2020,Kimberly,Appleton North,67,56,27,7,14,6,Win,0.594202899,39.8115942,46.13391304
1/24/2020,Neenah,Fond du Lac,77,50,29,4,12,7,Win,0.630769231,48.56923077,54.32184615
1/25/2020,Kimberly,De Pere,81,59,30,9,15,5,Win,0.642857143,52.07142857,59.4
1/27/2020,Neenah,Oshkosh West,52,37,17,7,6,10,Win,0.5,26,28.28
1/27/2020,Oshkosh North,Appleton North,65,48,19,7,9,4,Win,0.518518519,33.7037037,37.25037037
1/30/2020,Appleton East,Kaukauna,72,50,28,5,23,18,Loss,0.593023256,42.69767442,53.06372093
1/30/2020,Kaukauna,Appleton East,84,57,31,6,18,8,Win,0.636363636,53.45454545,62.16
1/30/2020,Kimberly,Appleton West,87,53,30,9,28,4,Win,0.763157895,66.39473684,82.63473684
1/31/2020,Hortonville,Oshkosh West,64,52,23,8,16,7,Win,0.582089552,37.25373134,44.3319403
1/31/2020,Oshkosh North,Neenah,56,45,17,4,4,6,Loss,0.411764706,23.05882353,24.31058824
1/31/2020,Neenah,Oshkosh North,60,49,20,8,11,12,Win,0.484375,29.0625,33.111875
2/1/2020,Kaukauna,Mahtomedi,68,47,23,6,9,5,Loss,0.581818182,39.56363636,43.54327273
2/4/2020,Appleton East,Neenah,50,44,17,7,12,19,Loss,0.426470588,21.32352941,25.21294118
2/4/2020,Neenah,Appleton East,74,63,28,13,16,7,Win,0.602739726,44.60273973,51.93205479
2/4/2020,Kaukauna,Fond du Lac,79,42,21,3,8,3,Win,0.58,45.82,49.3464
2/4/2020,Hortonville,Appleton West,78,65,25,12,10,10,Win,0.479452055,37.39726027,41.04109589
2/4/2020,Oshkosh North,Kimberly,50,46,18,4,6,8,Loss,0.428571429,21.42857143,23.38285714
2/4/2020,Kimberly,Oshkosh North,86,64,32,11,25,10,Win,0.647727273,55.70454545,68.01136364
2/7/2020,Neenah,Appleton North,66,41,19,9,11,8,Win,0.588235294,38.82352941,43.74117647
2/7/2020,Fond du Lac,Appleton East,70,46,18,8,8,7,Win,0.490566038,34.33962264,37.32226415
2/7/2020,Appleton East,Fond du Lac,66,51,20,9,13,12,Loss,0.492537313,32.50746269,37.37373134
2/7/2020,Kimberly,Hortonville,80,58,27,5,15,12,Win,0.525,42,47.985
2/7/2020,Hortonville,Kimberly,76,69,26,7,11,5,Loss,0.474358974,36.05128205,40.01692308
2/7/2020,Oshkosh North,Oshkosh West,55,56,22,8,7,9,Loss,0.453125,24.921875,27.3325
2/11/2020,Neenah,Stevens Point,73,46,28,7,11,8,Win,0.672413793,49.0862069,54.70758621
2/11/2020,Appleton East,Appleton West,60,53,23,13,20,10,Win,0.614285714,36.85714286,46.19428571
2/13/2020,Hortonville,Appleton North,54,50,17,6,12,7,Loss,0.46031746,24.85714286,29.0552381
2/13/2020,Kimberly,Fond du Lac,96,61,36,10,24,2,Win,0.779220779,74.80519481,89.01818182
2/13/2020,Kaukauna,Oshkosh North,84,55,27,3,16,5,Win,0.589041096,49.47945205,56.64219178
2/13/2020,Oshkosh North,Kaukauna,73,48,25,7,10,10,Loss,0.573770492,41.8852459,46.24590164
2/14/2020,Neenah,Oshkosh West,78,46,27,4,14,11,Win,0.611940299,47.73134328,54.24238806
2/18/2020,Appleton East,Appleton North,58,51,22,5,15,6,Win,0.552238806,32.02985075,38.32537313
2/18/2020,Appleton North,Appleton East,49,36,13,3,9,8,Loss,0.44,21.56,24.5696
2/18/2020,Neenah,Kimberly,71,47,25,7,19,20,Win,0.556962025,39.5443038,47.58683544
2/18/2020,Kimberly,Neenah,49,60,18,5,5,6,Loss,0.348484848,17.07575758,18.4
2/18/2020,Kaukauna,Oshkosh West,87,57,31,3,17,8,Win,0.607594937,52.86075949,60.71088608
2/21/2020,Hortonville,Neenah,49,53,18,7,12,15,Loss,0.410958904,20.1369863,23.88493151
2/21/2020,Neenah,Hortonville,73,44,21,7,11,13,Win,0.524590164,38.29508197,42.68065574
2/21/2020,Kimberly,Kaukauna,81,51,30,6,10,7,Win,0.64516129,52.25806452,57.16129032
2/21/2020,Kaukauna,Kimberly,79,62,35,0,6,2,Loss,0.585714286,46.27142857,48.94228571
2/21/2020,Oshkosh North,Fond du Lac,92,54,27,11,8,3,Win,0.648148148,59.62962963,63.57037037
2/22/2020,Neenah,Waukesha West,77,53,29,10,13,9,Win,0.646153846,49.75384615,56.13784615
2/22/2020,Oshkosh West,Chippewa Falls,50,46,18,2,10,8,Loss,0.451612903,22.58064516,26.01290323
2/24/2020,Appleton East,Fox Valley Lutheran,53,46,18,2,12,11,Loss,0.447761194,23.73134328,27.81492537
2/27/2020,Appleton East,Kimberly,52,37,17,6,9,18,Loss,0.448275862,23.31034483,26.37655172
2/27/2020,Kimberly,Appleton East,77,57,31,9,14,6,Win,0.661764706,50.95588235,57.99705882
2/27/2020,Neenah,Kaukauna,70,59,28,17,18,9,Win,0.666666667,46.66666667,55.78666667
2/27/2020,Oshkosh North,Hortonville,71,48,24,8,5,11,Loss,0.517857143,36.76785714,38.73571429
2/27/2020,Hortonville,Oshkosh North,82,51,28,3,24,18,Win,0.577777778,47.37777778,57.91644444
3/6/2020,Appleton East,Chippewa Falls,63,51,23,5,6,13,Loss,0.446153846,28.10769231,30.14215385
3/6/2020,Neenah,Superior,88,61,33,8,19,7,Win,0.658227848,57.92405063,67.42886076
3/6/2020,Kimberly,Appleton West,76,54,27,13,20,10,Win,0.661971831,50.30985915,60.37183099
3/6/2020,Hortonville,Antigo,79,62,28,11,22,15,Win,0.568181818,44.88636364,54.38636364
3/7/2020,Kimberly,Oshkosh North,90,61,32,12,17,7,Win,0.671232877,60.4109589,69.08328767
3/7/2020,Neenah,Marshfield,63,35,21,1,11,6,Win,0.62745098,39.52941176,44.77490196
3/7/2020,Hortonville,New London,60,39,20,2,18,11,Win,0.575757576,34.54545455,42.42181818
3/12/2020,Kimberly,Eau Claire North,70,59,29,12,16,8,Win,0.633802817,44.36619718,52.07323944
3/12/2020,Neenah,Chippewa Falls,49,43,19,4,4,4,Win,0.489361702,23.9787234,25.46638298
3/12/2020,Hortonville,Mosinee,91,55,34,7,20,8,Win,0.710526316,64.65789474,75.45789474
